Model,R2_Score,RMSE
Neural_Network_Revenue,0.5491908997120607,18274653.033050798
RandomForest_Revenue,0.8100914868863694,11861101.426162804
Linear_Regression,0.45562948915964174,20081682.590706397
